-- inserting permission
INSERT INTO PERMISSION(ID, NAME) VALUES (1, 'TODO_TASK_CREATE');
INSERT INTO PERMISSION(ID, NAME) VALUES (2, 'TODO_TASK_READ');
INSERT INTO PERMISSION(ID, NAME) VALUES (3, 'TODO_TASK_UPDATE');
INSERT INTO PERMISSION(ID, NAME) VALUES (4, 'TODO_TASK_DELETE');

-- inserting roles
INSERT INTO ROLE(ID, NAME) VALUES (1, 'TODO_TASK_ADMIN');
INSERT INTO ROLE(ID, NAME) VALUES (2, 'TODO_TASK_READER');
INSERT INTO ROLE(ID, NAME) VALUES (3, 'TODO_TASK_MODIFIER');

INSERT INTO ROLES_PERMISSIONS(ROLE_ID, PERMISSION_ID) VALUES (1, 1);
INSERT INTO ROLES_PERMISSIONS(ROLE_ID, PERMISSION_ID) VALUES (1, 2);
INSERT INTO ROLES_PERMISSIONS(ROLE_ID, PERMISSION_ID) VALUES (1, 3);
INSERT INTO ROLES_PERMISSIONS(ROLE_ID, PERMISSION_ID) VALUES (1, 4);

INSERT INTO ROLES_PERMISSIONS(ROLE_ID, PERMISSION_ID) VALUES (2, 2);

INSERT INTO ROLES_PERMISSIONS(ROLE_ID, PERMISSION_ID) VALUES (3, 1);
INSERT INTO ROLES_PERMISSIONS(ROLE_ID, PERMISSION_ID) VALUES (3, 2);
INSERT INTO ROLES_PERMISSIONS(ROLE_ID, PERMISSION_ID) VALUES (3, 3);

-- inserting users
INSERT INTO USER_(ID, USER_NAME, PASSWORD, ACCOUNT_EXPIRED, ACCOUNT_LOCKED, CREDENTIALS_EXPIRED, ENABLED)
  VALUES (1, 'admin', /*admin1234*/'$2a$08$qvrzQZ7jJ7oy2p/msL4M0.l83Cd0jNsX6AJUitbgRXGzge4j035ha', FALSE, FALSE, FALSE, TRUE);

INSERT INTO USER_(ID, USER_NAME, PASSWORD, ACCOUNT_EXPIRED, ACCOUNT_LOCKED, CREDENTIALS_EXPIRED, ENABLED)
  VALUES (2, 'reader', /*reader1234*/'$2a$08$dwYz8O.qtUXboGosJFsS4u19LHKW7aCQ0LXXuNlRfjjGKwj5NfKSe', FALSE, FALSE, FALSE, TRUE);

INSERT INTO USER_(ID, USER_NAME, PASSWORD, ACCOUNT_EXPIRED, ACCOUNT_LOCKED, CREDENTIALS_EXPIRED, ENABLED)
  VALUES (3, 'modifier', /*modifier1234*/'$2a$08$kPjzxewXRGNRiIuL4FtQH.mhMn7ZAFBYKB3ROz.J24IX8vDAcThsG', FALSE, FALSE, FALSE, TRUE);

INSERT INTO USER_(ID, USER_NAME, PASSWORD, ACCOUNT_EXPIRED, ACCOUNT_LOCKED, CREDENTIALS_EXPIRED, ENABLED)
  VALUES (4, 'reader2', /*reader1234*/'$2a$08$vVXqh6S8TqfHMs1SlNTu/.J25iUCrpGBpyGExA.9yI.IlDRadR6Ea', FALSE, FALSE, FALSE, TRUE);

INSERT INTO USERS_ROLES(USER_ID, ROLE_ID) VALUES (1, 1);
INSERT INTO USERS_ROLES(USER_ID, ROLE_ID) VALUES (2, 2);
INSERT INTO USERS_ROLES(USER_ID, ROLE_ID) VALUES (3, 3);
INSERT INTO USERS_ROLES(USER_ID, ROLE_ID) VALUES (4, 2);

-- insert authentication
INSERT INTO OAUTH_CLIENT_DETAILS(CLIENT_ID, RESOURCE_IDS, CLIENT_SECRET, SCOPE, AUTHORIZED_GRANT_TYPES, WEB_SERVER_REDIRECT_URI, AUTHORITIES, ACCESS_TOKEN_VALIDITY, REFRESH_TOKEN_VALIDITY)
	VALUES ('spring-security-oauth2-read-client', 'resource-server-rest-api',
	/*spring-security-oauth2-read-client-password1234*/'$2a$04$WGq2P9egiOYoOFemBRfsiO9qTcyJtNRnPKNBl5tokP7IP.eZn93km',
	'read', 'password,authorization_code,refresh_token,implicit', 'http://localhost:9080/webjars/springfox-swagger-ui/oauth2-redirect.html', 'USER', 10800, 2592000);

INSERT INTO OAUTH_CLIENT_DETAILS(CLIENT_ID, RESOURCE_IDS, CLIENT_SECRET, SCOPE, AUTHORIZED_GRANT_TYPES, WEB_SERVER_REDIRECT_URI, AUTHORITIES, ACCESS_TOKEN_VALIDITY, REFRESH_TOKEN_VALIDITY)
	VALUES ('spring-security-oauth2-read-write-client', 'resource-server-rest-api',
	/*spring-security-oauth2-read-write-client-password1234*/'$2a$04$soeOR.QFmClXeFIrhJVLWOQxfHjsJLSpWrU1iGxcMGdu.a5hvfY4W',
	'read,write', 'password,authorization_code,refresh_token,implicit', 'http://localhost:9080/webjars/springfox-swagger-ui/oauth2-redirect.html', 'USER', 10800, 2592000);
